RefseqId	GeneId	Chrom	TxStart	TxEnd	Strand	TotalReads	Rpkm
NM_001001809	Olfr218	chr1	173203357	173204299	+	0	0
NM_001001981,NM_001033606,NM_001136222	Acsl3,Utp14b	chr1	78657824	78707743	+	258	8.023579
NM_001004173	Sgpp2	chr1	78310345	78420286	+	17	0.498123
NM_001005508	Arhgap30	chr1	171388959	171410239	+	8	0.208865
NM_001008419	Aox3l1	chr1	58278325	58379264	+	22	0.539622
NM_001008426	Gm5531	chr1	153874344	153876871	+	0	0
NM_001011684	Nms	chr1	38939148	38950276	+	0	0
NM_001011873	Xkr9	chr1	13668770	13701723	+	0	0
NM_001012322	Sctr	chr1	120006979	120063532	+	0	0
NM_001012330	Zbtb18	chr1	177444660	177450764	+	201	6.1351
NM_001013771	Gm973	chr1	59516263	59634509	+	1	0.0325861
NM_001013779	Aim2	chr1	173420603	173466036	+	0	0
NM_001013817	Sp140	chr1	85600702	85645036	+	42	2.03649
NM_001014974	Ttll4	chr1	74661753	74697973	+	110	3.0299
NM_001024952	Rc3h1	chr1	160906410	160974976	+	890	9.46878
NM_001025156	Ccdc93	chr1	121431066	121506460	+	122	1.96967
NM_001025305	Tfap2b	chr1	19212053	19238734	+	0	0
NM_001025602	Il1rl1	chr1	40440627	40465414	+	0	0
NM_001033041	Acmsd	chr1	127729412	127767564	+	0	0
NM_001033162	Shcbp1l	chr1	153425208	153452574	+	0	0
NM_001033185	1700084C01Rik	chr1	169928938	169934653	+	0	0
NM_001033250	Lemd1	chr1	132191435	132257382	+	0	0
NM_001033284	BC026585	chr1	157458581	157488733	+	11	0.999702
NM_001033285	Cdc42bpa	chr1	179961088	180165602	+	605	8.18783
NM_001033286	Slc30a10	chr1	185454847	185468761	+	0	0
NM_001033289	Slc9a2	chr1	40681711	40768885	+	58	1.94518
NM_001033292	Espnl	chr1	91322074	91348303	+	0	0
NM_001033345	Gm216	chr1	74362107	74369321	+	0	0
NM_001033373	Cdk15	chr1	59256906	59352369	+	0	0
NM_001033408	Rbm44	chr1	91145102	91170795	+	0	0
NM_001033499	Sh2d1b2	chr1	170232870	170251587	+	0	0
NM_001033636	Prex2	chr1	11263962	11303682	+	0	0
NM_001033819	9130409I23Rik	chr1	181051236	181060667	+	3	0.185164
NM_001033904	Khdc1c	chr1	21368330	21369743	+	0	0
NM_001034060,NM_001170641	Rufy4	chr1	74125540	74148230	+	0	0
NM_001034899	Gm16432	chr1	177991434	178048291	+	3	0.211329
NM_001037136	Agap1	chr1	89454810	89895282	+	0	0
NM_001037725	Fam117b	chr1	59913005	59985348	+	249	5.27098
NM_001037726,NM_009952	Creb1	chr1	64532803	64604548	+	0	0
NM_001037759	Sgk3	chr1	9848280	9902568	+	351	7.62019
NM_001037918	Lipt1	chr1	37872205	37876298	+	18	1.35604
NM_001038592	Glrx2	chr1	143739567	143749678	+	55	1.78825
NM_001038593	Glrx2	chr1	143739348	143749678	+	6	0.20048
NM_001038594	Glrx2	chr1	143740446	143749678	+	6	0.204029
NM_001038607,NM_010600	Kcnh1	chr1	192190871	192510158	+	27	0.447885
NM_001039045,NM_026078	Pigc	chr1	161969187	161973435	+	168	5.964139
NM_001039126	Asb1	chr1	91540564	91559590	+	120	2.35432
NM_001039169	Eif4e2	chr1	87213938	87228858	+	146	7.5679
NM_001039170,NM_023314	Eif4e2	chr1	87213913	87240488	+	193	10.13939
NM_001039219	Gm6086	chr1	93990508	94011539	+	0	0
NM_001039472	Kif21b	chr1	136131400	136178014	+	10	0.128465
NM_001039483	Tmco1	chr1	167308669	167333978	+	265	6.93874
NM_001039484	Kcnj10	chr1	172341209	172374085	+	1	0.0216658
NM_001039509,NM_025580	Pnkd	chr1	74285033	74353692	+	95	6.80679
NM_001039511,NM_001039512	Ivns1abp	chr1	151344497	151364445	+	1384	58.0492
NM_001039551	Cnnm3	chr1	36511875	36528237	+	0	0
NM_001039593	1700015E13Rik	chr1	170308860	170312125	+	0	0
NM_001039644	Edem3	chr1	151755373	151822328	+	397	7.0423
NM_001039710,NM_026424	Coq10b	chr1	55052769	55072702	+	121	8.17933
NM_001039934,NM_008632	Map2	chr1	66175328	66442583	+	1	0.0215859
NM_001077353,NM_010356	Gsta3	chr1	21240588	21265559	+	4	0.345821
NM_001077403,NM_001077404,NM_001077405,NM_001077406,NM_001077407,NM_010939	Nrp2	chr1	62703316	62818692	+	5	0.1025583
NM_001077425	Cntnap5a	chr1	115685136	116580674	+	0	0
NM_001080126,NM_001277926	Casp8	chr1	58802501	58847503	+	265	12.8706
NM_001080809	Cps1	chr1	67123065	67230448	+	0	0
NM_001081023,NM_014193	Cacna1s	chr1	136052900	136119822	+	0	0
NM_001081027	Kcnt2	chr1	140246256	140610261	+	13	0.384865
NM_001081050	Pard3b	chr1	61638823	62642284	+	45	0.628171
NM_001081126	Gpr161	chr1	165295765	165321851	+	2	0.120584
NM_001081175	Itpkb	chr1	180330475	180423659	+	198	4.54717
NM_001081181	9430016H08Rik	chr1	57406547	57415958	+	67	5.92366
NM_001081197	Apobec4	chr1	152750550	152757544	+	0	0
NM_001081198	Tmem182	chr1	40805600	40855267	+	0	0
NM_001081210	Mrpl44	chr1	79776017	79781445	+	112	9.2138
NM_001081258	Kif14	chr1	136467957	136531511	+	83	1.10869
NM_001081275	1700009P17Rik	chr1	171121660	171126967	+	2	0.22659
NM_001081276	Clasp1	chr1	118389057	118609462	+	50	0.748351
NM_001081456	Plcd4	chr1	74542888	74565977	+	0	0
NM_001081746	Gm7609	chr1	85199610	85213762	+	0	0
NM_001085370	Speg	chr1	75385609	75432304	+	1	0.011851
NM_001085371	Speg	chr1	75382113	75404565	+	4	0.138023
NM_001097644	Ccnyl1	chr1	64691344	64725642	+	16	0.640804
NM_001098528	Kcnb2	chr1	15312451	15714214	+	116	2.55962
NM_001099276	Pik3c2b	chr1	133046011	133108688	+	64	0.945567
NM_001101647	Prlh	chr1	90953107	90954012	+	0	0
NM_001103182	Lin9	chr1	180641333	180690687	+	9	0.354275
NM_001104529	Gpr35	chr1	92973118	92986391	+	0	0
NM_001110192,NM_001110193,NM_010566	Inpp5d	chr1	87620311	87720508	+	22	0.522236
NM_001110212	Gigyf2	chr1	87327028	87450810	+	222	4.56737
NM_001111059	Cd34	chr1	194938820	194961292	+	7	0.312869
NM_001111311,NM_008515	Lrrfip1	chr1	91053443	91128944	+	524	16.7627
NM_001111312	Lrrfip1	chr1	90998726	91128944	+	38	2.11376
NM_001112702	Tnni1	chr1	135799510	135810989	+	0	0
NM_001113187	Khdc1b	chr1	21383555	21386384	+	1	0.0521348
NM_001113391,NM_001113392,NM_001113393,NM_001113394	Cd247	chr1	165788680	165871153	+	1	0.0694822
NM_001114663	Plcl1	chr1	55405945	55754285	+	230	4.11042
NM_001122675,NM_001122676	Zcchc2	chr1	105990405	106034079	+	251	4.68733
NM_001122680	Pvrl4	chr1	171370172	171388287	+	0	0
NM_001122685	Rhbdd1	chr1	82339048	82445367	+	92	2.92232
NM_001122732,NM_027029,NM_027300	Spata3	chr1	86021941	86029958	+	0	0
NM_001123382	Il1r1	chr1	40266585	40316177	+	1449	35.3049
NM_001128609,NM_011615	Dedd	chr1	171329144	171342501	+	203	8.80771
NM_001130174,NM_001130175,NM_001130177,NM_001130178,NM_001130179,NM_001130180,NM_001130181,NM_011619	Tnnt2	chr1	135836333	135852268	+	0	0
NM_001130176	Tnnt2	chr1	135840860	135852261	+	0	0
NM_001134829	Lpgat1	chr1	191718394	191784257	+	228	3.78
NM_001136070,NM_010709	Eif2d	chr1	131153206	131173471	+	164	9.62075
NM_001136104,NM_009595	Abl2	chr1	156558786	156649619	+	406	4.4861
NM_001136226	Utp14b	chr1	78658439	78667601	+	0	0
NM_001142647	Tmem194b	chr1	52630704	52651919	+	0	0
NM_001144992,NM_001144993	2810459M11Rik	chr1	86045862	86055456	+	1	0.0352004
NM_001145781,NM_026683	Acbd6	chr1	155558119	155587794	+	22	2.32416
NM_001145800	Igsf9	chr1	172482212	172498877	+	8	0.226645
NM_001145804	Nucks1	chr1	131910457	131936321	+	0	0
NM_001145806	Capn8	chr1	182565006	182606526	+	0	0
NM_001145807	Fam5c	chr1	146497686	146902472	+	0	0
NM_001159525,NM_023041	Pex19	chr1	172126754	172136497	+	321	12.25985
NM_001159658	Aqp12	chr1	93006333	93012269	+	0	0
NM_001159711,NM_016923	Ly96	chr1	16688455	16709605	+	11	2.13701
NM_001159717,NM_001159718,NM_010891	Sept2	chr1	93478992	93509732	+	1424	52.08085
NM_001159719	Sept2	chr1	93479060	93509732	+	21	0.753241
NM_001159729	Rab23	chr1	33720418	33742564	+	11	0.306157
NM_001159730,NM_024458	Pdc	chr1	150319416	150333906	+	0	0
NM_001159731	Rxrg	chr1	167618264	167639623	+	0	0
NM_001159738,NM_016960	Ccl20	chr1	83116765	83119167	+	0	0
NM_001159748,NM_011459	Serpinb8	chr1	107590005	107608978	+	50	2.247234
NM_001159750,NM_011541	Tcea1	chr1	4857693	4897909	+	140	6.14714
NM_001159751	Tcea1	chr1	4858327	4897909	+	0	0
NM_001159866,NM_019562	Uchl5	chr1	143777277	143807466	+	82	5.18965
NM_001159883,NM_001159884,NM_020266	Dnajb2	chr1	75236422	75245692	+	185	9.99128
NM_001159885	Dnajb2	chr1	75236701	75245692	+	43	2.64565
NM_001159905,NM_001159906	Zfand2b	chr1	75168645	75171626	+	68	6.63833
NM_001159930	Cenpl	chr1	161070891	161086343	+	7	0.458116
NM_001159986	Sec16b	chr1	157526169	157568424	+	0	0
NM_001160145	Tmem9	chr1	136008218	136035030	+	17	1.24859
NM_001160146	Tmem9	chr1	136018155	136035030	+	17	1.33568
NM_001160163,NM_001160164	Neu2	chr1	87574026	87597840	+	11	0.759123
NM_001160165	Neu2	chr1	87584021	87597840	+	2	0.13442
NM_001160180	Tor1aip2	chr1	156035726	156053736	+	0	0
NM_001160181,NM_022329	Tor1aip2	chr1	156040860	156053736	+	192	8.70105
NM_001160182	Tor1aip2	chr1	156036035	156053736	+	234	10.6415
NM_001160211,NM_001160212	Cnih3	chr1	181352627	181460641	+	1	0.0438753
NM_001160251	Zfp281	chr1	136624900	136630391	+	84	1.86547
NM_001160261,NM_001160262	Fam78b	chr1	167001416	167091302	+	0	0
NM_001160268	Plekha6	chr1	133246096	133303435	+	37	0.611776
NM_001160307	Serpinb10	chr1	107529002	107549271	+	0	0
NM_001160359	A130010J15Rik	chr1	193173576	193177832	+	0	0
NM_001160360	A130010J15Rik	chr1	193173468	193177832	+	282	9.10067
NM_001160369,NM_001160370,NM_001160371	A830018L16Rik	chr1	11414104	11975902	+	0	0
NM_001160386	Dnah7b	chr1	46066737	46373550	+	13	0.123633
NM_001161665	Kif26b	chr1	178529124	178932857	+	7	0.110725
NM_001161842	Il18r1	chr1	40465551	40491578	+	16	0.976733
NM_001161843	Il18r1	chr1	40465620	40491580	+	76	4.96551
NM_001162896	4930523C07Rik	chr1	160044379	160078586	+	2	0.0580798
NM_001162938	Pydc3	chr1	173673679	173698392	+	0	0
NM_001163754	Rab3gap2	chr1	185204167	185286746	+	824	13.8135
NM_001164059,NM_011346	Sell	chr1	164062075	164080785	+	0	0
NM_001164233	Slco6d1	chr1	98421123	98509380	+	0	0
NM_001164525	Tstd1	chr1	171419032	171420352	+	9	1.91347
NM_001164528	Ildr2	chr1	166254138	166316832	+	25	0.354561
NM_001164566	Spats2l	chr1	57845570	57948397	+	2	0.0625952
NM_001166501	Dennd1b	chr1	138963708	139176042	+	107	1.52769
NM_001168392,NM_016894	Ramp1	chr1	91179821	91225196	+	2	0.091916
NM_001170632	Fcamr	chr1	130800901	130814740	+	0	0
NM_001172074	3110009E18Rik	chr1	120121186	120188189	+	9	1.04699
NM_001172157	Dis3l2	chr1	86703803	87050097	+	24	0.886637
NM_001172205,NM_001172206	Arid5a	chr1	36307732	36324029	+	235	4.83059
NM_001173477	Speg	chr1	75400084	75404565	+	0	0
NM_001174170	Serpinb2	chr1	107511422	107525600	+	0	0
NM_001177364	Mroh2a	chr1	88227019	88262289	+	14	0.217919
NM_001177600,NM_011780	Adam23	chr1	63445903	63596515	+	0	0
NM_001177628	Slc45a3	chr1	131962914	131982972	+	6	0.215146
NM_001177867	Sgol2	chr1	57985339	58025897	+	0	0
NM_001177900,NM_023727	Rd3	chr1	191977372	191988282	+	0	0
NM_001195025	Nuak2	chr1	132316124	132333488	+	0	0
NM_001195732	Fam150a	chr1	6359330	6394731	+	0	0
NM_001198565,NM_001198566	Sulf1	chr1	12692429	12860372	+	27	0.698227
NM_001198570,NM_001198571	Abi2	chr1	60409618	60481163	+	0	0
NM_001199020	Angel2	chr1	190925107	190946491	+	0	0
NM_001199213	Serpinb12	chr1	106938956	106957080	+	8	0.578861
NM_001204371,NM_011011	Oprk1	chr1	5588492	5606133	+	0	0
NM_001204908	Zfp648	chr1	154201186	154205674	+	0	0
NM_001205204,NM_007495	Astn1	chr1	158362303	158691786	+	0	0
NM_001205249	Gm9994	chr1	93918436	93941239	+	0	0
NM_001205313	Stat1	chr1	52119621	52161865	+	0	0
NM_001205314,NM_009283	Stat1	chr1	52119437	52161865	+	467	10.5858
NM_001205391,NM_001205392	Atg16l1	chr1	87756010	87792428	+	194	7.39073
NM_001206926	Olfr426	chr1	174099459	174100410	+	0	0
NM_001243062,NM_001243063,NM_009803	Nr1i3	chr1	171213969	171218845	+	0	0
NM_001243792	Esrrg	chr1	187609005	188214884	+	0	0
NM_001244692,NM_001244693	St18	chr1	6487230	6860940	+	0	0
NM_001252200,NM_001252201,NM_001252202,NM_008696	Map4k4	chr1	39900912	40026310	+	494	10.326021
NM_001252218,NM_001252219	Rpl31	chr1	39367850	39371910	+	419	43.73835
NM_001252472,NM_013489	Cd84	chr1	171839696	171890718	+	9	0.3157148
NM_001267620,NM_026187	Ankzf1	chr1	75192159	75199385	+	55	3.00803
NM_001267872	Zdbf2	chr1	63273268	63314575	+	0	0
NM_001270609	Ascl5	chr1	136050803	136051370	+	0	0
NM_001271533	Spag16	chr1	69826969	69926250	+	0	0
NM_001271607,NM_007722	Cxcr7	chr1	90203979	90215722	+	5	0.287689
NM_001271766	Gpr35	chr1	92975346	92986391	+	0	0
NM_001271884	Ano7	chr1	93373895	93404304	+	0	0
NM_001276455	Slc19a2	chr1	164249045	164265385	+	17	0.576077
NM_001276710,NM_016702	Agxt	chr1	93135239	93145421	+	0	0
NM_001276764	Dst	chr1	33908224	34308662	+	214	1.0329
NM_001277076	Fer1l5	chr1	36372290	36422110	+	0	0
NM_001277928	Lamb3	chr1	193302242	193343878	+	107	3.1212
NM_001277957,NM_021466	Taf1a	chr1	183388884	183410206	+	45	2.20293
NM_001277958,NM_001277959	Taf1a	chr1	183388984	183410206	+	37	1.83585
NM_001277992,NM_011494	Stk16	chr1	75210828	75215606	+	164	6.65931
NM_001278115,NM_026024	Ube2t	chr1	134962564	134974179	+	4	0.451868
NM_007415	Parp1	chr1	180568974	180601254	+	254	7.7751
NM_007432	Akp3	chr1	87125007	87127912	+	0	0
NM_007463	Speg	chr1	75375296	75432306	+	0	0
NM_007561	Bmpr2	chr1	59764278	59878081	+	644	6.8046
NM_007642	Cd28	chr1	60746387	60773359	+	2	0.0542724
NM_007649	Cd48	chr1	171682054	171705257	+	1	0.10258
NM_007685	Cfc1	chr1	34535647	34544311	+	0	0
NM_007695	Chi3l1	chr1	134182403	134190031	+	1	0.0693587
NM_007734	Col4a3	chr1	82586920	82722059	+	11	0.149682
NM_007740	Col9a1	chr1	24177609	24252738	+	0	0
NM_007768	Crp	chr1	172698055	172699966	+	0	0
NM_007791	Csrp1	chr1	135729196	135752229	+	317	20.9806
NM_007799	Ctse	chr1	131638313	131675507	+	3	0.165774
NM_007855	Twist2	chr1	91801476	91848027	+	0	0
NM_007923	Elk4	chr1	132007604	132025684	+	243	7.75448
NM_007976	F5	chr1	164151858	164220274	+	30	0.474535
NM_008057	Fzd7	chr1	59482146	59486955	+	4	0.0974397
NM_008131	Glul	chr1	153899944	153909714	+	10331	435.027
NM_008303	Hspe1	chr1	55088147	55091317	+	246	37.5236
NM_008342	Igfbp2	chr1	72824479	72852471	+	0	0
NM_008362	Il1r1	chr1	40225079	40316177	+	146	3.60908
NM_008365	Il18r1	chr1	40466005	40500854	+	286	8.05772
NM_008484	Lamb3	chr1	193301993	193343878	+	41	1.18447
NM_008623	Mpz	chr1	171150712	171161123	+	0	0
NM_008719	Npas2	chr1	39194271	39363240	+	533	14.9376
NM_008763	Olfr16	chr1	172956767	172957817	+	0	0
NM_008866	Lypla1	chr1	4807892	4846735	+	335	16.13
NM_008882	Plxna2	chr1	194619828	194816868	+	17	0.180471
NM_008900	Pou3f3	chr1	42697145	42700209	+	0	0
NM_008972	Ptma	chr1	86526735	86530698	+	1390	136.606
NM_008976	Ptpn14	chr1	189728267	189876693	+	325	3.54363
NM_008999	Rab23	chr1	33719895	33742564	+	11	0.298222
NM_009063	Rgs5	chr1	169655500	169693526	+	0	0
NM_009084	Rpl37a	chr1	72711259	72713813	+	515	102.603
NM_009107	Rxrg	chr1	167598361	167639623	+	0	0
NM_009118	Sag	chr1	87803679	87845157	+	1	0.068188
NM_009208	Slc4a3	chr1	75546265	75559431	+	15	0.395678
NM_009257	Serpinb5	chr1	106861179	106883348	+	18	0.822084
NM_009307	Syt2	chr1	134646680	134749417	+	0	0
NM_009334	Tfap2b	chr1	19208913	19238734	+	0	0
NM_009352	Terf1	chr1	15805657	15843429	+	234	16.7865
NM_009355	Prss39	chr1	34498429	34503062	+	0	0
NM_009399	Tnfrsf11a	chr1	105780722	105847981	+	218	5.08523
NM_009418	Tpp2	chr1	43934006	44002971	+	588	14.8166
NM_009452	Tnfsf4	chr1	161395437	161418206	+	0	0
NM_009480	Usf1	chr1	171411680	171418742	+	215	13.8312
NM_009509	Vil1	chr1	74409383	74435560	+	4	0.150333
NM_009518	Wnt10a	chr1	74792018	74804175	+	0	0
NM_009526	Wnt6	chr1	74771891	74785319	+	0	0
NM_009533	Xrcc5	chr1	72307420	72394953	+	101	4.62905
NM_009539	Zap70	chr1	36761860	36782816	+	4	0.214948
NM_009579	Slc30a1	chr1	191906780	191913247	+	198	4.43501
NM_009604	Chrng	chr1	87205810	87211835	+	0	0
NM_009676	Aox1	chr1	58029968	58106410	+	3	0.080201
NM_009791	Aspm	chr1	139454772	139494088	+	18	0.213728
NM_009805	Cflar	chr1	58713285	58733227	+	2	0.116102
NM_009812	Casp8	chr1	58795373	58847503	+	135	6.11792
NM_009826	Rb1cc1	chr1	6214661	6276104	+	683	11.3556
NM_009843	Ctla4	chr1	60909024	60915830	+	0	0
NM_009872	Cdk5r2	chr1	74855028	74857732	+	0	0
NM_009909	Cxcr2	chr1	74153993	74161246	+	0	0
NM_009918	Cnga3	chr1	37219260	37263384	+	0	0
NM_009930	Col3a1	chr1	45311537	45349706	+	329	6.92691
NM_009938	Copa	chr1	172082528	172122332	+	1611	40.7699
NM_009942	Cox5b	chr1	36691486	36693388	+	313	64.4411
NM_010043	Des	chr1	75360343	75367715	+	6	0.327074
NM_010081	Dst	chr1	34160329	34183903	+	38	0.50661
NM_010094	Lefty1	chr1	180935038	180938401	+	1	0.0730342
NM_010133	En1	chr1	120602486	120607991	+	0	0
NM_010267	Gdap1	chr1	17145372	17164270	+	2	0.0595108
NM_010472	Agfg1	chr1	82839482	82896275	+	247	9.22387
NM_010548	Il10	chr1	131019844	131024970	+	0	0
NM_010552	Il17a	chr1	20730904	20734496	+	0	0
NM_010553	Il18rap	chr1	40515361	40549297	+	0	0
NM_010555	Il1r2	chr1	40084767	40125226	+	3	0.261489
NM_010564	Inha	chr1	75507076	75510354	+	0	0
NM_010629	Kifap3	chr1	163779678	163917100	+	110	3.29822
NM_010732	Lrrn2	chr1	132880354	132940005	+	0	0
NM_010743	Il1rl1	chr1	40439648	40448362	+	0	0
NM_010834	Mstn	chr1	53061662	53068079	+	0	0
NM_010865	Myoc	chr1	162639149	162649694	+	0	0
NM_010877	Ncf2	chr1	152807889	152836990	+	16	0.722015
NM_010879	Nck2	chr1	43445750	43570518	+	650	27.4398
NM_010892	Nek2	chr1	191821472	191833049	+	9	0.329785
NM_011070	Pfdn2	chr1	171345698	171358170	+	30	5.65017
NM_011082	Pigr	chr1	130826683	130852249	+	632	19.2353
NM_011086	Pikfyve	chr1	65186684	65278696	+	462	4.8087
NM_011111	Serpinb2	chr1	107511509	107525600	+	0	0
NM_011198	Ptgs2	chr1	150100123	150108012	+	151	4.2676
NM_011206	Ptpn18	chr1	34459745	34473779	+	57	4.24499
NM_011267	Rgs16	chr1	153740352	153745468	+	116	5.81972
NM_011345	Sele	chr1	164048233	164057677	+	0	0
NM_011347	Selp	chr1	164115263	164150026	+	0	0
NM_011465	Spta1	chr1	174172775	174248449	+	0	0
NM_011487	Stat4	chr1	52008243	52107184	+	3	0.117894
NM_011729	Ercc5	chr1	44147743	44181260	+	305	8.91018
NM_011794	Bpnt1	chr1	185332158	185357769	+	242	12.9925
NM_011796	Capn10	chr1	92934407	92947948	+	238	9.69099
NM_011800	Cdh20	chr1	104768818	104995481	+	0	0
NM_011804	Creg1	chr1	165763779	165775304	+	123	6.78074
NM_011882	Rnasel	chr1	153749425	153764221	+	201	4.94883
NM_011924	Avpr1b	chr1	131599113	131612000	+	0	0
NM_011931	Rfwd2	chr1	159232325	159347580	+	197	4.56447
NM_011935	Esrrg	chr1	187997826	188214884	+	0	0
NM_012009	Sh2d1b1	chr1	170277323	170285662	+	3	0.245248
NM_012012	Exo1	chr1	175880777	175911396	+	1	0.0212762
NM_012058	Srp9	chr1	182124736	182132415	+	143	12.0692
NM_013474	Apoa2	chr1	171225053	171226379	+	0	0
NM_013612	Slc11a1	chr1	74375202	74386051	+	2	0.10169
NM_013673	Sp100	chr1	85650049	85709448	+	54	2.93139
NM_013701	Ugt1a2	chr1	88200610	88220002	+	2	0.0730798
NM_013730	Slamf1	chr1	171767131	171801184	+	0	0
NM_013750	Phlda3	chr1	135766084	135769134	+	29	2.31579
NM_013915	Zbtb18	chr1	177445820	177450764	+	202	4.78634
NM_015750	Neu2	chr1	87594549	87597840	+	2	0.148006
NM_015818	Hs6st1	chr1	36068399	36106446	+	479	15.0883
NM_016696	Gpc1	chr1	92831685	92860196	+	29	0.956436
NM_016717	Scly	chr1	91298337	91321080	+	49	2.60091
NM_016749	Mybph	chr1	134193447	134201232	+	0	0
NM_016778	Bok	chr1	93685693	93695762	+	5	0.409033
NM_016796	Vamp4	chr1	162570827	162599078	+	37	1.71186
NM_016851	Irf6	chr1	193153111	193172035	+	9768	277.471
NM_016928	Tlr5	chr1	182954787	182976044	+	1	0.0366199
NM_017480	Icos	chr1	60977913	61000321	+	0	0
NM_018729	Cd244	chr1	171559192	171585316	+	5	0.155863
NM_018796	Eef1b2	chr1	63176830	63180486	+	1151	69.7548
NM_018817	Smarcal1	chr1	72583250	72636790	+	190	3.31466
NM_018868	Nop58	chr1	59685005	59711510	+	227	13.4577
NM_019445	Fmn2	chr1	174501824	174822729	+	0	0
NM_019484	Alyref2	chr1	171503477	171504750	+	10	0.920243
NM_019759	Dpt	chr1	164796731	164824266	+	0	0
NM_019790	Tmeff2	chr1	50927522	51187270	+	2	0.0701689
NM_019993	Aldh9a1	chr1	167349990	167368530	+	22	0.909718
NM_019999	Pnkd	chr1	74332609	74353692	+	86	3.51645
NM_020025	B3galt2	chr1	143640696	143649937	+	0	0
NM_020579	B4galt3	chr1	171270327	171276895	+	289	16.9447
NM_021342	Kcne4	chr1	78816948	78820025	+	0	0
NM_021355	Fmod	chr1	134037514	134048277	+	3	0.122924
NM_021383	Rqcd1	chr1	74506059	74530842	+	213	7.64002
NM_021408	Ush2a	chr1	188262837	188965039	+	0	0
NM_021421	Angel2	chr1	190928504	190946491	+	40	1.45074
NM_021433	Stx6	chr1	155158702	155203517	+	169	8.05117
NM_021467	Tnni1	chr1	135799420	135810989	+	0	0
NM_021511	Rrs1	chr1	9545407	9547455	+	52	2.97443
NM_021600	Chrnd	chr1	87190596	87200070	+	0	0
NM_021610	Gpa33	chr1	166130459	166166510	+	0	0
NM_022018	Fam129a	chr1	151571372	151719347	+	47	1.39779
NM_022019	Dusp10	chr1	184034460	184075636	+	0	0
NM_022312	Tnr	chr1	159523768	159924922	+	0	0
NM_022320	Gpr35	chr1	92978902	92986391	+	9	0.249072
NM_022417	Itm2c	chr1	85894509	85908698	+	1139	65.9241
NM_022988	Nif3l1	chr1	58447632	58462276	+	134	7.45379
NM_023046	Asb1	chr1	91541079	91559590	+	0	0
NM_023200	Ppp1r7	chr1	93343644	93367618	+	173	5.54788
NM_023505	Glrx2	chr1	143739614	143749678	+	6	0.201861
NM_023514	Mrps9	chr1	42851232	42905683	+	149	12.3008
NM_023617	Aox3	chr1	58113135	58200452	+	0	0
NM_023631	Aox4	chr1	58210396	58268596	+	28	0.659717
NM_023755	Tfcp2l1	chr1	118627944	118685168	+	8317	105.104
NM_024264	Cyp27a1	chr1	74713573	74737890	+	2	0.123965
NM_024282	Desi2	chr1	178187416	178252597	+	191	5.31096
NM_024283	1500015O10Rik	chr1	43730601	43742564	+	0	0
NM_025283	Mob4	chr1	55131244	55154899	+	625	25.9083
NM_025386	Fbxo36	chr1	84839840	84900486	+	3	0.39049
NM_025439	Tmem9	chr1	136018000	136035030	+	17	1.36404
NM_025454	Ing5	chr1	93803964	93822100	+	323	8.33813
NM_025470	Mptx1	chr1	174330517	174332877	+	0	0
NM_025474	Mrps14	chr1	160195259	160201186	+	119	7.07639
NM_025511	Cox20	chr1	178319152	178322693	+	77	20.1346
NM_025597	Ndufb3	chr1	58586598	58595948	+	115	25.3231
NM_025683	Rpe	chr1	66700892	66719805	+	280	12.4719
NM_025728	Spag16	chr1	69951614	70725132	+	0	0
NM_025784	Bcs1l	chr1	74588360	74592443	+	53	3.39463
NM_025824	Bzw1	chr1	58393135	58406548	+	1266	52.3502
NM_025864	Tmem206	chr1	191325964	191352925	+	30	0.835968
NM_025867	Serpinb11	chr1	107362313	107380475	+	1	0.0689505
NM_026123	Unc50	chr1	37430171	37439124	+	177	14.6848
NM_026195	Atic	chr1	71557155	71579403	+	956	42.8926
NM_026234	Pigm	chr1	172376530	172384099	+	305	4.72055
NM_026250	Gin1	chr1	97770178	97792971	+	43	2.46806
NM_026321	Fam174a	chr1	95313627	95335284	+	46	2.55755
NM_026367	Gpatch2	chr1	187215510	187351429	+	285	7.33939
NM_026369	Arpc5	chr1	152766541	152775580	+	839	51.8114
NM_026380	Rgs8	chr1	153653036	153697665	+	0	0
NM_026390	Ubxn4	chr1	128244180	128279377	+	589	16.8579
NM_026392	Tmem70	chr1	16665190	16678275	+	0	0
NM_026454	Ube2f	chr1	91250318	91286025	+	122	10.4856
NM_026472	Mki67ip	chr1	118321842	118333831	+	356	22.0192
NM_026493	Cspp1	chr1	10038217	10136768	+	161	4.3318
NM_026500	Ddx59	chr1	136415270	136440220	+	66	3.47024
NM_026626	Efcab2	chr1	178405880	178483249	+	74	3.41563
NM_026680	Golt1a	chr1	133309822	133323026	+	17	1.08116
NM_026713	Mogat1	chr1	78511059	78538173	+	10	0.971368
NM_026719	Lmbrd1	chr1	24678543	24766301	+	170	3.69343
NM_026823	Arl8a	chr1	135146833	135156268	+	107	7.3647
NM_026846	Zfand2b	chr1	75168734	75171626	+	68	6.43977
NM_026850	Pdcl3	chr1	38987813	38997236	+	228	15.6562
NM_026876	Trmt1l	chr1	151428647	151458183	+	273	12.0004
NM_026976	Faim3	chr1	130865776	130880790	+	0	0
NM_027010	Crygf	chr1	65926521	65928304	+	0	0
NM_027077	1700016C15Rik	chr1	177729813	177753305	+	0	0
NM_027084	Prss56	chr1	87183492	87188404	+	0	0
NM_027098	Mrpl30	chr1	37890552	37898333	+	110	18.6486
NM_027279	Mettl18	chr1	163994944	163997244	+	14	1.12487
NM_001001565,NM_001001566	Chpf	chr1	75474568	75479471	-	22	0.833516
NM_001001880,NM_001083897	Mpzl1	chr1	165592180	165634541	-	875	44.4679
NM_001001883	Hecw2	chr1	53806873	54195034	-	310	3.24855
NM_001003917	Atg9a	chr1	75180865	75191923	-	232	7.22053
NM_001003948	Pid1	chr1	84036292	84284645	-	27	1.18596
NM_001005423	Mreg	chr1	72159232	72212307	-	2	0.0939807
NM_001005507,NM_001160256	Smg7	chr1	152836994	152902646	-	444	8.98174
NM_001005520	Olfr231	chr1	174117090	174118014	-	0	0
NM_001008533	Adora1	chr1	134199221	134235427	-	0	0
NM_001009940	Il19	chr1	130932655	130939241	-	0	0
NM_001011525	Olfr1415	chr1	92490817	92491753	-	0	0
NM_001011874	Xkr4	chr1	3214481	3671498	-	19	0.612491
NM_001012623	Rims1	chr1	22288421	22432843	-	0	0
NM_001012623_dup1,NM_001012624,NM_001012625	Rims1	chr1	22468190	22805724	-	0	0
NM_001013025	Tgfbrap1	chr1	43047268	43098622	-	1719	36.3625
NM_001013374	Lman2l	chr1	36423185	36445239	-	53	2.79047
NM_001013382	Lrrc52	chr1	167445674	167466780	-	0	0
NM_001013750	Gm597	chr1	28776121	28780252	-	0	0
NM_001013799	Mettl21c	chr1	44009407	44020006	-	0	0
NM_001024720	Hmcn1	chr1	150562501	150993435	-	24	0.153518
NM_001024721	BC094916	chr1	173521310	173535957	-	1	0.0905309
NM_001024945,NM_023268	Qsox1	chr1	155778154	155812899	-	91	3.80088
NM_001025378	Orc2	chr1	58462770	58501426	-	7	0.270636
NM_001025565,NM_001042577	Lhx9	chr1	138825185	138842444	-	0	0
NM_001025570,NM_011127	Prrx1	chr1	163245118	163313650	-	0	0
NM_001025575	Cfhr2	chr1	139810291	139858699	-	3	0.219376
NM_001029878	Lonrf2	chr1	38794508	38821215	-	0	0
NM_001029977,NM_001160303,NM_001160304	Gm4788	chr1	139697918	139781239	-	0	0
NM_001029984	Fcrlb	chr1	170907272	170912941	-	0	0
NM_001033039	Klhdc9	chr1	171358448	171360798	-	1	0.0753356
NM_001033135	Rnf149	chr1	39551295	39577347	-	1181	56.8408
NM_001033194	Gtf3c3	chr1	54397580	54438971	-	269	10.4867
NM_001033288	Sbspon	chr1	15853861	15892722	-	1559	66.46
NM_001033290	Gpr55	chr1	85939536	85961055	-	0	0
NM_001033291,NM_001198573	Usp40	chr1	87945120	88008551	-	500	11.0183
NM_001033344,NM_001160049	Dusp27	chr1	166098147	166127898	-	0	0
NM_001033409	Lgr6	chr1	134986352	135105276	-	2	0.0646685
NM_001033427	Lyg2	chr1	37905922	37916493	-	0	0
NM_001033449	Tmem237	chr1	59100592	59120096	-	9	0.564412
NM_001033450	Mnda	chr1	173896354	173912922	-	1	0.0709551
NM_001033547	4922505E12Rik	chr1	182747125	182749180	-	0	0
NM_001033764	4931408C20Rik	chr1	26681800	26687460	-	0	0
NM_001037170	Tomm40l	chr1	171217802	171222514	-	63	2.52749
NM_001037742,NM_001114102	Tyw5	chr1	57388243	57406674	-	20	1.65813
NM_001037812	Tmem237	chr1	59100596	59119806	-	12	0.771126
NM_001037909	C130026I21Rik	chr1	85246343	85270566	-	0	0
NM_001037999	Dbi	chr1	120113279	120120919	-	44	8.69218
NM_001038619	Dnm3	chr1	161987301	162478030	-	0	0
NM_001038621	Rabgap1l	chr1	160219173	160351571	-	3017	55.764
NM_001038846	Rcsd1	chr1	165648944	165708094	-	21	0.953521
NM_001039123	Defb18	chr1	18236472	18237443	-	0	0
NM_001039184	Cep350	chr1	155844963	155973255	-	832	7.32443
NM_001039475	Slco6b1	chr1	96906175	96997560	-	0	0
NM_001039482	Klhl20	chr1	161088377	161131479	-	73	2.11834
NM_001039493	Plekhm3	chr1	64789120	64956824	-	92	1.25876
NM_001039495	Ccdc108	chr1	74902079	74935599	-	0	0
NM_001039510	Adora1	chr1	134199221	134235431	-	0	0
NM_001040027	Gm15386	chr1	18260523	18265138	-	0	0
NM_001042485,NM_020588	Tmem183a	chr1	134346096	134361999	-	434	16.0435
NM_001042634	Clk1	chr1	58411987	58424088	-	687	43.9781
NM_001042659,NM_022721	Fzd5	chr1	64730557	64737750	-	501	8.56351
NM_001044751	Hsd11b1	chr1	193221640	193242360	-	0	0
NM_001045481	Ifi203	chr1	173920402	173942492	-	0	0
NM_001045513	Raph1	chr1	60483184	60566765	-	209	2.6855
NM_001045533	March4	chr1	72427111	72536564	-	0	0
NM_001077189,NM_010187	Fcgr2b	chr1	170960558	170976071	-	12	1.00054
NM_001077237	BC003331	chr1	150361310	150393055	-	0	0
NM_001077695,NM_008678	Ncoa2	chr1	13139158	13374083	-	1600	22.8218
NM_001081011	Srgap2	chr1	131285250	131527361	-	107	1.55904
NM_001081078	Lct	chr1	128284763	128328318	-	0	0
NM_001081079	Ogfrl1	chr1	23366423	23383175	-	7	0.169287
NM_001081080	Phf3	chr1	30802341	30863256	-	873	13.5259
NM_001081081,NM_001113383	Gls	chr1	52163449	52233232	-	545	13.65639
NM_001081082	Alpi	chr1	87098001	87101606	-	0	0
NM_001081125	Gli2	chr1	118834060	119053619	-	3	0.0523913
NM_001081209	Prdm14	chr1	13113427	13127163	-	1	0.0451781
NM_001081226	2310009B15Rik	chr1	138851978	138856854	-	6	1.23097
NM_001081227	6330403A02Rik	chr1	180432372	180483504	-	2	0.0357319
NM_001081259	Mfsd7b	chr1	191005831	191026190	-	7	0.200643
NM_001081290	Prrc2c	chr1	162671784	162740556	-	1291	14.4807
NM_001081304	Atf6	chr1	170704456	170867771	-	357	5.60384
NM_001081307	Ppp1r12b	chr1	134765942	134955940	-	45	1.68046
NM_001081316	Dsel	chr1	111858701	111864918	-	81	1.64652
NM_001081360	Camsap2	chr1	136268122	136346104	-	257	3.84849
NM_001081361	Marc1	chr1	184786766	184811313	-	0	0
NM_001081363	Cenpf	chr1	189640613	189688086	-	16	0.168526
NM_001081386	Cdh19	chr1	110889194	110977372	-	0	0
NM_001081433	Ankrd44	chr1	54645339	54926387	-	19	0.362507
NM_001081436,NM_001114609	Ino80d	chr1	63047800	63114267	-	626	5.421912
NM_001081658	Dytn	chr1	63622850	63686927	-	0	0
NM_001081756	Nckap5	chr1	125913635	126830632	-	0	0
NM_001082573,NM_007775	Crygc	chr1	65071524	65073532	-	0	0
NM_001083120,NM_001083121,NM_008680,NM_010135	Enah	chr1	181904444	182019980	-	245	8.190056
NM_001085376	Pappa2	chr1	158711730	158957438	-	0	0
NM_001085409	Steap3	chr1	120226415	120271082	-	0	0
NM_001099637	Cep170	chr1	176733652	176807124	-	12	0.202852
NM_001101516	Gpr25	chr1	136258913	136260873	-	0	0
NM_001102430	Arfgef1	chr1	10137506	10232670	-	956	15.9035
NM_001105667,NM_023136	Dtymk	chr1	93792575	93801934	-	91	12.00572
NM_001109759	Fam71a	chr1	191162583	191164817	-	1	0.0524382
NM_001109985	Nos1ap	chr1	170317495	170589849	-	5	0.197018
NM_001110146,NM_021400	Prg4	chr1	150449411	150466165	-	0	0
NM_001110227	Kcnj13	chr1	87386283	87394729	-	3	0.260519
NM_001110315,NM_008440	Kif1a	chr1	93015455	93101865	-	0	0
NM_001110831	Dnpep	chr1	75308564	75317637	-	330	21.2526
NM_001111272,NM_025303	Stau2	chr1	16228809	16519302	-	112	4.570749
NM_001111279,NM_027057	Wdfy1	chr1	79702261	79761769	-	69	1.77612
NM_001111314	Ngef	chr1	87476828	87573870	-	212	7.97532
NM_001111316	Ptprc	chr1	138062858	138175126	-	7	0.147275
NM_001111320	Idh1	chr1	65158615	65186479	-	72	3.69128
NM_001113367	Boll	chr1	55300068	55362707	-	0	0
NM_001113387	Myl1	chr1	66924295	66935366	-	0	0
NM_001113416	Epb4.1l5	chr1	119594823	119649000	-	396	16.6392
NM_001114662	Mfsd4	chr1	132036782	132068062	-	2	0.0610458
NM_001115074	Gm101	chr1	119923518	119995210	-	0	0
NM_001122738	Kansl1l	chr1	66719242	66817595	-	0	0
NM_001126046	Fam178b	chr1	36562695	36683183	-	0	0
NM_001126047	Sema4c	chr1	36548639	36558381	-	213	6.55432
NM_001128605	Psen2	chr1	180227003	180256300	-	21	1.23189
NM_001134741	Tdrd5	chr1	156255295	156303348	-	0	0
NM_001142948	Pogk	chr1	166393611	166409828	-	36	0.599387
NM_001143956	Mettl11b	chr1	163702992	163725232	-	0	0
NM_001144855	Ppfia4	chr1	134296782	134332928	-	5	0.0965444
NM_001145300	4931440L10Rik	chr1	134540944	134547022	-	0	0
NM_001145660	Rfx8	chr1	39665300	39720989	-	0	0
NM_001146330	Gpr52	chr1	160576667	160577753	-	0	0
NM_001159520,NM_008781	Pax3	chr1	78101266	78197136	-	0	0
NM_001159624	Rnpep	chr1	135262698	135284084	-	9	0.482748
NM_001159649	Lax1	chr1	133679028	133690108	-	2	0.0988165
NM_001159725	Rab17	chr1	90958132	90967667	-	0	0
NM_001159745,NM_009183	St8sia4	chr1	95587681	95667594	-	0	0
NM_001159769	Nr5a2	chr1	136843583	136953630	-	0	0
NM_001159850	Kcnk2	chr1	189207929	189343353	-	0	0
NM_001159864,NM_001159865	Kctd18	chr1	57955100	57970084	-	53	2.3743
NM_001159940	2310007B03Rik	chr1	93151354	93160870	-	8	0.407114
NM_001159948	Als2	chr1	59162755	59237093	-	79	1.38521
NM_001159965,NM_001159967,NM_001159968,NM_023884	Ralgps2	chr1	156804165	156939626	-	1928	32.59368
NM_001159966	Ralgps2	chr1	156804165	156939387	-	1013	17.2235
NM_001160018	Tor1aip1	chr1	156004598	156036480	-	58	1.57939
NM_001160019	Tor1aip1	chr1	156004598	156034817	-	89	2.80573
NM_001160038,NM_001160039,NM_001160040	Ndufs1	chr1	63143591	63176822	-	188	7.798993
NM_001160139,NM_023872	Kcnq5	chr1	21398402	21961942	-	0	0
NM_001160208,NM_001160209,NM_025505	Blzf1	chr1	164289799	164307484	-	144	4.24913
NM_001160215	Fcrla	chr1	170917593	170927583	-	0	0
NM_001160235,NM_001160236	Fam168b	chr1	34813217	34843050	-	593	13.7724
NM_001160257	Smg7	chr1	152836994	152878168	-	174	3.51865
NM_001160316	Nfasc	chr1	132564689	132642858	-	0	0
NM_001160317	Nfasc	chr1	132564689	132741797	-	0	0
NM_001160318	Nfasc	chr1	132564689	132707326	-	0	0
NM_001160368	Rnf152	chr1	105276916	105356710	-	0	0
NM_001160420	Optc	chr1	133897193	133907999	-	0	0
NM_001160421,NM_001160422	Optc	chr1	133897193	133907173	-	0	0
NM_001161816	Gm15455	chr1	33835898	33838914	-	0	0
NM_001161817,NM_010863	Myo1b	chr1	51749765	51915974	-	366	8.65478
NM_001162415	Pfkfb2	chr1	130689042	130729253	-	82	2.60397
NM_001162416	Pfkfb2	chr1	130697016	130714576	-	67	3.29506
NM_001163131,NM_007921	Elf3	chr1	135253573	135258472	-	722	43.0763
NM_001163290	Adck3	chr1	180165237	180193485	-	8	0.238588
NM_001163314	Pgap1	chr1	54472999	54557684	-	59	0.653339
NM_001163421,NM_001163422,NM_026895	Tatdn3	chr1	191045829	191062932	-	8	0.833045
NM_001163425	Myeov2	chr1	92637144	92641985	-	196	52.4219
NM_001164286	Gm5415	chr1	32543545	32547293	-	0	0
NM_001164306	Gm4846	chr1	166483612	166497588	-	0	0
NM_001164312	Gm4847	chr1	166628970	166647693	-	0	0
NM_001164682	Mpp4	chr1	59120934	59163389	-	0	0
NM_001164725	Fcrl6	chr1	172596639	172602551	-	0	0
NM_001166552	Zbed6	chr1	133655878	133660885	-	2175	50.8877
NM_001166728	Vmn1r1	chr1	182157177	182158098	-	0	0
NM_001167949	Atp2b4	chr1	133702673	133753747	-	0	0
NM_001170853	Mndal	chr1	173857219	173880187	-	5	0.306989
NM_001177348	Gm3646	chr1	39804140	39805332	-	0	0
NM_001177349,NM_001177350	Pydc4	chr1	173591956	173599274	-	0	0
NM_001177581	7420461P10Rik	chr1	162647242	162658219	-	0	0
NM_001177658,NM_025300	Mrpl15	chr1	4773199	4785726	-	122	4.99832
NM_001177794	Sertad4	chr1	192844487	192851747	-	2	0.0757987
NM_001177795	Rgs20	chr1	4909575	5070285	-	0	0
NM_001178038	Fmo6	chr1	162916550	162937225	-	0	0
NM_001190444	Aamp	chr1	74279839	74284738	-	608	39.1348
NM_001190984	Lancl1	chr1	67000516	67038834	-	45	1.24243
NM_001190985,NM_021295	Lancl1	chr1	67000516	67038872	-	29	0.777364
NM_001195189	4930469G21Rik	chr1	161156842	161159314	-	0	0
NM_001195662	Rp1	chr1	4290845	4409241	-	3	0.11534
NM_001195816	Pld5	chr1	175962305	176213942	-	0	0
NM_001198955	Gm7694	chr1	170298192	170306332	-	11	0.33619
NM_001199003,NM_011880	Rgs7	chr1	175059075	175492545	-	0	0
NM_001199060	Wdr12	chr1	60076867	60098500	-	13	0.490312
NM_001199061	Wdr12	chr1	60076867	60098134	-	8	0.330224
NM_001199956	Gm9839	chr1	32519562	32520999	-	0	0
NM_001204904	4930558K02Rik	chr1	161942088	161979636	-	0	0
NM_001204905	4930558K02Rik	chr1	161942088	161969148	-	0	0
NM_001204910	AI607873	chr1	173723427	173741809	-	0	0
NM_001204913	Gm20172	chr1	25276403	25277954	-	0	0
NM_001205011	Mptx2	chr1	173274460	173277756	-	0	0
NM_001205243,NM_010177	Fasl	chr1	161780691	161788495	-	5	0.310241
NM_001205385,NM_001205386,NM_023735	Actr3	chr1	125392904	125435727	-	869	39.821258
NM_001242580,NM_012049	Nit1	chr1	171342236	171345645	-	144	12.32822
NM_001243008,NM_001243009	Col6a3	chr1	90766859	90843971	-	31	0.3895225
NM_001243090	A630095N17Rik	chr1	75220094	75232093	-	0	0
NM_001243091	A630095N17Rik	chr1	75220094	75223654	-	0	0
NM_001243223	Rgsl1	chr1	153779386	153844141	-	0	0
NM_001243238	4930444P10Rik	chr1	16065978	16093041	-	1	0.163385
NM_001252070	Dnah7a	chr1	53397001	53706784	-	0	0
NM_001252192,NM_010164	Eya1	chr1	14168957	14310199	-	0	0
NM_001256158	4933402D24Rik	chr1	63754908	63769267	-	0	0
NM_001268286,NM_011210	Ptprc	chr1	138062858	138175305	-	43	0.973019
NM_001271016,NM_001271017,NM_025773	Ube2w	chr1	16540787	16619338	-	214	8.066855
NM_001271526,NM_008765	Orc2	chr1	58462770	58505109	-	199	6.54654
NM_001271531	Insig2	chr1	121304352	121327678	-	58	2.76875
NM_001271532	Insig2	chr1	121304352	121328024	-	0	0
NM_001276408,NM_001276409,NM_001276410,NM_001276411,NM_001276412,NM_001276413,NM_010233	Fn1	chr1	71585472	71653234	-	24	0.373774
NM_001276767	Zc3h11a	chr1	133619870	133661399	-	123	3.22495
NM_001277101,NM_013715	Cops5	chr1	10024599	10038159	-	137	10.14713
NM_001277730	Tdrd5	chr1	156255295	156303606	-	1	0.0372013
NM_001277925	Ecel1	chr1	87147654	87156136	-	0	0
NM_001277968,NM_008534	Ly9	chr1	171588612	171607410	-	2	0.108019
NM_001278075,NM_011811	Farsb	chr1	78417957	78488897	-	54	3.02532
NM_001278218,NM_001278219,NM_026866	Disp1	chr1	183086263	183221529	-	117	2.760969
NM_001278220	Disp1	chr1	183086263	183147557	-	0	0
NM_007381	Acadl	chr1	66830838	66863309	-	246	14.7937
NM_007422	Adss	chr1	177763177	177796509	-	476	21.8417
NM_007433	Alppl2	chr1	87086690	87089928	-	0	0
NM_007453	Prdx6	chr1	161240111	161251166	-	637	31.972
NM_007498	Atf3	chr1	191170296	191183333	-	40	2.3714
NM_007525	Bard1	chr1	71027534	71102972	-	5	0.107514
NM_007570	Btg2	chr1	134074864	134079155	-	1586	60.2644
NM_007576	C4bp	chr1	130635920	130661618	-	2	0.124426
NM_007733	Col19a1	chr1	24257682	24587437	-	0	0
NM_007735	Col4a4	chr1	82450722	82586849	-	11	0.165038
NM_007737	Col5a2	chr1	45374330	45503282	-	58	1.02714
NM_007758	Cr2	chr1	195136810	195176715	-	0	0
NM_007774	Cryga	chr1	65100388	65103363	-	0	0
NM_007776	Crygd	chr1	65061837	65063440	-	0	0
NM_007777	Cryge	chr1	65048556	65051163	-	0	0
NM_007827	Daf2	chr1	130388527	130422999	-	0	0
NM_007830	Dbi	chr1	120113279	120121096	-	276	55.081
NM_007842	Dhx9	chr1	153455757	153487660	-	747	18.97
NM_007853	Degs1	chr1	182275769	182282759	-	385	22.4945
NM_007936	Epha4	chr1	77367184	77515088	-	530	9.81161
NM_007955	Ptprv	chr1	135108497	135132575	-	4	0.0770703
NM_008030	Fmo3	chr1	162953799	162984491	-	0	0
NM_008059	G0s2	chr1	193272159	193273188	-	0	0
NM_008132	Glrp1	chr1	88499870	88510066	-	1	0.0598605
NM_008209	Mr1	chr1	155127877	155146780	-	35	1.63417
NM_008210	H3f3a	chr1	180802567	180813603	-	420	45.7265
NM_008249	Tfb2m	chr1	179528055	179546267	-	24	1.1485
NM_008250	Hlx	chr1	184727144	184732493	-	0	0
NM_008288	Hsd11b1	chr1	193221640	193264045	-	0	0
NM_008299	Dnajb3	chr1	88204731	88205748	-	37	4.26198
NM_008311	Htr2b	chr1	86099036	86111970	-	0	0
NM_008327,NM_011940	Ifi202b	chr1	173962568	173982844	-	9	0.588021
NM_008328	Ifi203	chr1	173920402	173942460	-	8	0.259318
NM_008329	Ifi204	chr1	173747293	173766919	-	3	0.153133
NM_008381	Inhbb	chr1	119415464	119422248	-	4	0.110126
NM_008384	Inpp1	chr1	52789419	52817688	-	72	4.75455
NM_008429	Kcnj9	chr1	172321032	172329263	-	0	0
NM_008485	Lamc2	chr1	153122755	153186447	-	1666	37.7937
NM_008510	Xcl1	chr1	164931647	164935510	-	2	0.466721
NM_008551	Mapkapk2	chr1	131053703	131097543	-	572	26.1036
NM_008563	Mcm3	chr1	20803013	20820213	-	117	4.7492
NM_008567	Mcm6	chr1	128331590	128359656	-	125	5.0477
NM_008575	Mdm4	chr1	132989844	133025348	-	403	13.5273
NM_008651	Mybl1	chr1	9668834	9700209	-	5	0.164532
NM_008667	Nab1	chr1	52455848	52500448	-	523	12.0416
NM_008783	Pbx1	chr1	168119363	168432258	-	46	1.36149
NM_008795	Cdk18	chr1	132113546	132139685	-	17	0.653808
NM_008798	Pdcd1	chr1	94038304	94052553	-	1	0.0606979
NM_008801	Pde6d	chr1	86543014	86582501	-	27	2.89649
NM_008825	Pfkfb2	chr1	130692254	130715821	-	306	4.90517
NM_008869	Pla2g4a	chr1	149829621	149961284	-	2922	120.275
NM_008911	Ppox	chr1	171276991	171281186	-	67	4.31018
NM_008922	Prim2	chr1	33453810	33669758	-	24	1.45148
NM_008937	Prox1	chr1	190121776	190170680	-	0	0
NM_008985	Ptprn	chr1	75247040	75264208	-	0	0
NM_008998	Rab17	chr1	90958132	90969620	-	23	1.50524
NM_009049	Resp18	chr1	75272201	75278380	-	0	0
NM_009061	Rgs2	chr1	143999337	144004149	-	20	0.778644
NM_009062	Rgs4	chr1	169741476	169747642	-	0	0
NM_009126	Serpinb3a	chr1	107045586	107052303	-	0	0
NM_009129	Scg2	chr1	79434668	79440090	-	0	0
NM_009190	Vps4b	chr1	106770787	106796725	-	717	25.6706
NM_009227	Snrpe	chr1	133603870	133610280	-	156	37.1441
NM_009230	Soat1	chr1	156428107	156474328	-	1285	31.4595
NM_009255	Serpine2	chr1	79794320	79858665	-	399	22.7453
NM_009356	Prss40	chr1	34552330	34560943	-	0	0
NM_009367	Tgfb2	chr1	186623185	186705992	-	0	0
NM_009407	Tnp1	chr1	73015074	73015899	-	0	0
NM_009447	Tuba4a	chr1	75214973	75219253	-	447	25.5064
NM_009460	Sumo1	chr1	59639433	59670834	-	325	31.3356
NM_009581	Zp3r	chr1	130576705	130629606	-	0	0
NM_009721	Atp1b1	chr1	164437098	164458355	-	5668	256.366
NM_009741	Bcl2	chr1	106538178	106714290	-	24	0.390165
NM_009782	Cacna1e	chr1	154392518	154725920	-	0	0
NM_009786	Cacybp	chr1	160202366	160212892	-	186	10.3023
NM_009794	Capn2	chr1	182467258	182517483	-	912	33.5441
NM_009813	Casq1	chr1	172209893	172219895	-	31	1.93786
NM_009888	Cfh	chr1	140085854	140183411	-	257	6.89731
NM_009911	Cxcr4	chr1	128588198	128592299	-	19	1.22701
NM_010016	Cd55	chr1	130439029	130462740	-	1347	62.4691
NM_010045	Darc	chr1	173331885	173333503	-	0	0
NM_010098	Opn3	chr1	175662427	175692590	-	0	0
NM_010145	Ephx1	chr1	180989555	181017495	-	82	5.7694
NM_010154	Erbb4	chr1	68039965	69108059	-	0	0
NM_010184	Fcer1a	chr1	173221270	173227229	-	0	0
NM_010185	Fcer1g	chr1	171229571	171234349	-	6	1.06821
NM_010188	Fcgr3	chr1	171051168	171059403	-	8	0.692665
NM_010209	Fh1	chr1	175601377	175625635	-	137	9.83402
NM_010212	Fhl2	chr1	43123073	43163961	-	1	0.07495
NM_010231	Fmo1	chr1	162829560	162866548	-	1	0.0503641
NM_010262	Gbx2	chr1	89927961	89931176	-	0	0
NM_010341	Nmur1	chr1	86386324	86388141	-	0	0
NM_010342	Npbwr1	chr1	5913706	5917398	-	0	0
NM_010476	Hsd17b7	chr1	169949536	169969205	-	39	0.998848
NM_010477	Hspd1	chr1	55077833	55087932	-	788	39.5848
NM_010483	Htr5b	chr1	121509772	121528465	-	0	0
NM_010497	Idh1	chr1	65158615	65179142	-	28	1.44945
NM_010500	Ier5	chr1	155096366	155099636	-	3	0.107474
NM_010518	Igfbp5	chr1	72858064	72874865	-	244	4.88279
NM_010544	Ihh	chr1	74945317	74951651	-	530	25.4042
NM_010570	Irs1	chr1	82233104	82291439	-	859	10.9821
NM_010584	Itln1	chr1	171518123	171535294	-	1	0.102851
NM_010607	Kcnk2	chr1	189207929	189343704	-	0	0
NM_010633	Uhmk1	chr1	170199255	170215393	-	334	19.3316
NM_010678	Aff3	chr1	38177326	38664955	-	1	0.019492
NM_010683	Lamc1	chr1	153218921	153332786	-	2479	38.1012
NM_010712	Lhx4	chr1	155701693	155742027	-	0	0
NM_010714	Lhx9	chr1	138825185	138847579	-	0	0
NM_010766	Marco	chr1	120474537	120505084	-	0	0
NM_010778	Cd46	chr1	195041899	195092248	-	8	0.77261
NM_010827	Msc	chr1	14753345	14755966	-	0	0
NM_010880	Ncl	chr1	86344718	86359455	-	601	8.52674
NM_010916	Nhlh1	chr1	172052291	172057596	-	0	0
NM_010933	Nppc	chr1	86666292	86670573	-	0	0
NM_011063	Pea15a	chr1	172196728	172206781	-	531	25.113
NM_011066	Per2	chr1	91415981	91459328	-	73	1.46509
NM_011137	Pou2f1	chr1	165865153	166002634	-	46	0.415223
NM_011183	Psen2	chr1	180227003	180245950	-	21	1.22636
NM_011200	Ptp4a1	chr1	30940302	30949755	-	174	4.93668
NM_011273	Xpr1	chr1	155275656	155417444	-	602	9.21742
NM_011277	Rnf2	chr1	151469405	151500823	-	304	11.7611
NM_011283	Rp1	chr1	4343506	4360314	-	2	0.0312059
NM_011291	Rpl7	chr1	16101295	16104433	-	6082	763.652
NM_011318	Apcs	chr1	172893960	172895054	-	0	0
NM_011439	Sox13	chr1	133382299	133424212	-	402	13.337
NM_011441	Sox17	chr1	4490927	4496413	-	4761	178.191
NM_011590	Timm17a	chr1	135301534	135313737	-	205	26.1888
NM_011633	Traf5	chr1	191997202	192092599	-	11	0.610719
NM_011650	Tsn	chr1	118298517	118311132	-	445	17.1538
NM_011737	Map3k19	chr1	127815270	127840290	-	0	0
NM_011770	Ikzf2	chr1	69531209	69685960	-	1428	17.7567
NM_011785	Akt3	chr1	177022114	177248767	-	10	0.247406
NM_011825	Grem2	chr1	174833784	174921819	-	2	0.0625618
NM_013499	Cr1l	chr1	195103787	195131570	-	169	11.9121
NM_013626	Pam	chr1	97821093	98095632	-	1874	53.5056
NM_013729	Mixl1	chr1	180693047	180697034	-	0	0
NM_013734	Atp1a4	chr1	172223507	172258424	-	0	0
NM_013784	Pign	chr1	105518421	105663676	-	443	7.65768
NM_013835	Trove2	chr1	143750790	143777051	-	259	3.47948
NM_013862	Rabgap1l	chr1	160256571	160792938	-	132	4.58446
NM_013919	Usp21	chr1	171281952	171287961	-	131	7.03634
NM_015780	Cfhr1	chr1	139547063	139560222	-	0	0
NM_015811	Rgs1	chr1	144244668	144249104	-	1	0.0880804
NM_016716	Cul3	chr1	80266817	80340430	-	926	39.2468
NM_016805	Hnrnpu	chr1	178328299	178337784	-	2954	94.2921
NM_016846	Rgl1	chr1	152517529	152625111	-	6	0.180829
NM_016878	Dnpep	chr1	75308564	75317017	-	36	2.56682
NM_016917	Slc40a1	chr1	45908069	45925594	-	88	3.04998
NM_018750	Rassf5	chr1	131176409	131245178	-	2	0.0688088
NM_018775	Tbc1d8	chr1	39371495	39478747	-	185	4.88222
NM_018872	Tmem131	chr1	36792188	36939527	-	930	16.6382
NM_018881	Fmo2	chr1	162875046	162898712	-	12	0.421392
NM_019432	Tmem37	chr1	120067376	120073780	-	0	0
NM_019479	Hes6	chr1	91411482	91413222	-	138	12.1096
NM_019570	Rev1	chr1	38052785	38129662	-	101	2.77612
NM_019645	Pkp1	chr1	135871394	135919024	-	0	0
NM_019777	Ikbke	chr1	131254601	131279563	-	148	5.41297
NM_019867	Ngef	chr1	87476828	87510362	-	1	0.0425834
NM_019933	Ptpn4	chr1	119658092	119837071	-	285	7.09453
NM_020604	Jph1	chr1	16994939	17097889	-	44	1.07228
NM_021285	Myl1	chr1	66924295	66945056	-	0	0
NM_021306	Ecel1	chr1	87147654	87156356	-	0	0
NM_021312	Wdr12	chr1	60076867	60097907	-	26	1.04024
NM_021313	Rnf25	chr1	74593751	74601397	-	144	11.4367
NM_021350	Chml	chr1	175682237	175688353	-	27	0.517163
NM_021374	Rgs20	chr1	4909575	5019426	-	0	0
NM_021380	Il20	chr1	130907191	130911296	-	0	0
NM_021537	Stk25	chr1	93620750	93635727	-	505	18.1805
NM_021541	Cryba2	chr1	74889943	74893135	-	0	0
NM_021605	Nek7	chr1	138484713	138619696	-	699	24.3273
NM_021607	Ncstn	chr1	172066012	172082749	-	563	23.1011
NM_022327	Ralb	chr1	119470304	119504782	-	297	15.28
NM_022563	Ddr2	chr1	169972306	170088944	-	82	1.15875
NM_022881	Rgs18	chr1	144752840	144775421	-	0	0
NM_023141	Tor3a	chr1	156653616	156674339	-	95	3.40543
NM_023173	Dusp12	chr1	170874187	170885540	-	48	4.09247
NM_023284	Nuf2	chr1	169497933	169531464	-	2	0.0974195
NM_023341	Adck3	chr1	180165237	180196020	-	8	0.232781
NM_023343	Ilkap	chr1	91375830	91398783	-	153	13.102
NM_023523	Pecr	chr1	72259172	72284314	-	5	0.494291
NM_023645	Kdelc1	chr1	44106545	44118773	-	57	2.87322
NM_023732	Abcb6	chr1	75171640	75180283	-	196	7.82843
NM_024197	Ndufa10	chr1	92439718	92473758	-	376	36.4328
NM_025321	Sdhc	chr1	171129156	171150603	-	230	22.8531
NM_025388	Ufc1	chr1	171288563	171294982	-	355	43.1402
NM_025424	Nenf	chr1	191306796	191318118	-	52	9.25781
NM_025453	Tm4sf20	chr1	82756648	82768456	-	0	0
NM_025557	Pcp4l1	chr1	171173263	171196268	-	0	0
NM_025569	Mgst3	chr1	167372383	167393797	-	14	2.58277
NM_025677	Tsen15	chr1	152370735	152386682	-	37	3.82901
NM_025746	4933415F23Rik	chr1	23100473	23102253	-	0	0
NM_025819	Swt1	chr1	151367698	151428435	-	121	3.86444
NM_025860	Ddx18	chr1	121553834	121567980	-	67	3.48993
NM_025920	Thap4	chr1	93705390	93754838	-	156	8.46061
NM_025964	Mettl21a	chr1	64606479	64617168	-	77	3.38346
NM_026041	Rrp15	chr1	186721086	186749358	-	32	3.09299
NM_026171	Nvl	chr1	181093422	181144157	-	213	8.15434
NM_026241	Ankrd39	chr1	36538172	36547201	-	40	2.62367
NM_026375	Ahctf1	chr1	179744903	179804015	-	763	10.1215
NM_026430	Uxs1	chr1	43750230	43827708	-	33	3.06085
NM_026456	Tceb1	chr1	16642764	16656865	-	157	19.2587
NM_026503	1110058L19Rik	chr1	23995938	24005640	-	80	14.0506
NM_026604	Fam135a	chr1	24010757	24100341	-	250	4.52864
NM_026725	Dusp23	chr1	172630768	172632974	-	1	0.0826725
NM_026796	Smyd2	chr1	189880491	189922288	-	60	4.37932
NM_026913	Mitd1	chr1	37878889	37890411	-	130	12.3915
NM_026977	Cnppd1	chr1	75135214	75142368	-	283	12.1083
NM_027033	Ppp1r42	chr1	9995062	10009130	-	0	0
NM_027070	1700019A02Rik	chr1	53158576	53187617	-	0	0
NM_027111	Lyg1	chr1	37946737	37957759	-	0	0
NM_027154	Tmbim1	chr1	74288246	74304336	-	483	24.505
NM_027159	Ccdc115	chr1	34436669	34439672	-	119	8.17624
NM_027188	Smyd3	chr1	178955038	179518003	-	35	1.09017
NM_027351	Ppil3	chr1	58430992	58445486	-	59	7.67963
